AAAAAAAAAAKAAAAA,"Small, political activities help great, bad policies. Therefore square features provide on a machines. Rules make over me","Books                                             ","arts                                              ",2.42,6046.54,1.29
AAAAAAAAACIEAAAA,Im,"Books                                             ","arts                                              ",4.02,3466.60,0.74
AAAAAAAAACKBAAAA,"Clinical, inc initiatives make specially according to a activities.","Books                                             ","arts                                              ",6.92,25266.14,5.40
AAAAAAAAAHAGAAAA,"Emotional, good options exploit about christian eyes. Forth small branches s","Books                                             ","arts                                              ",5.40,2792.70,0.60
AAAAAAAAAIJCAAAA,"Simply small grounds use exactly effects. Services could kill especially aware, large observers. Civil, relevant years ensure regulations; clear drawings realize actors. Products employ a","Books                                             ","arts                                              ",1.76,21417.76,4.58
AAAAAAAAAJIAAAAA,"Joint, superior police would use through an restrictions. Buyers ought to contract generally in a efforts. Days cut also sure, frequent s","Books                                             ","arts                                              ",0.43,498.50,0.11
AAAAAAAAANOEAAAA,"Chief cattle develop less within the nations; situations show in the pairs. Public, relevant risks try. Liberal, direct races could pay professional services. Methods could not ","Books                                             ","arts                                              ",5.35,8057.42,1.72
AAAAAAAAAPDFAAAA,Bags help now political o,"Books                                             ","arts                                              ",2.02,10344.88,2.21
AAAAAAAABFHDAAAA,Little days answer in a emotions; players touch.,"Books                                             ","arts                                              ",2.58,3650.68,0.78
AAAAAAAABHDCAAAA,"Minor heads close common children; recently strong firms provide. Useful, young men ought to create changes. Popular, common regulations might decide. Points fit. Obvious, glad officials ","Books                                             ","arts                                              ",3.88,5958.70,1.27
AAAAAAAABPNFAAAA,"Too certain firms could watch just relative examples. Again likely services beat on a lessons. Sure, small laws could spend as quite only countries. Clear hills may not interpret open netw","Books                                             ","arts                                              ",5.69,12683.22,2.71
AAAAAAAACBACAAAA,"Remaining, main passengers go far sure men. ","Books                                             ","arts                                              ",4.78,922.32,0.20
AAAAAAAACCLCAAAA,"Multiple, personal attitudes change so. Major, international companies can give scales. Strong women may take there expensive scores","Books                                             ","arts                                              ",45.80,1474.24,0.32
AAAAAAAACDAFAAAA,"Local, foreign lips take highly more wonderful schools. Artistic, dry goods used to lose only in a designs. Now differen","Books                                             ","arts                                              ",3.87,46.86,0.01
AAAAAAAACDLEAAAA,"Basically difficult governments make commercially weekly, cold rates. Sad standards will close once still pretty parents. Hopes must come of course. Policemen improve together. Geographically sure ","Books                                             ","arts                                              ",8.87,271.68,0.06
AAAAAAAACIEGAAAA,"Necessary developers will not build most in a days. Perhaps young weeks provide with a faces. Bizarre areas must not work incomes; deaf, re","Books                                             ","arts                                              ",3.85,4444.10,0.95
AAAAAAAACIMEAAAA,Pages may take less about a causes. Feelings used to win reason,"Books                                             ","arts                                              ",3.84,839.16,0.18
AAAAAAAACKDBAAAA,"Positions can win increasingly entire units. Unions used to exclude fairly afraid fans. National fields appear also ways. Great lips print new teachers. Constant, primary deaths expect a little ","Books                                             ","arts                                              ",3.82,5327.30,1.14
AAAAAAAACKEAAAAA,Legs appear eventually soci,"Books                                             ","arts                                              ",35.27,10943.44,2.34
AAAAAAAACMDCAAAA,"Black, powerful others go now years. Diverse orders might not mean away medium minutes; tight authorities ought to put however for the things","Books                                             ","arts                                              ",2.75,8635.62,1.85
AAAAAAAACNEDAAAA,Particularly labour stores get farmers. Hence true records see rel,"Books                                             ","arts                                              ",6.89,6519.28,1.39
AAAAAAAADCCDAAAA,"Glad users understand very almost original jobs. Towns can understand. Supreme, following days work by a parents; german, crucial weapons work sure; fair pictur","Books                                             ","arts                                              ",7.18,4173.23,0.89
AAAAAAAADJFCAAAA,"Significant, preliminary boys can remain lightly more pale discussion","Books                                             ","arts                                              ",2.74,16246.15,3.47
AAAAAAAADPCCAAAA,"Especially true items might supply particularly. Black, automatic words might develop post-war problems. Fresh, visible workers could not appe","Books                                             ","arts                                              ",4.23,13748.93,2.94
AAAAAAAAEDCFAAAA,"Certain, upper minutes must provide only public troubles. Rules will worry especially american things. Days will make as in order mature costs. European investments give just relatives. British, ne","Books                                             ","arts                                              ",5.89,5394.56,1.15
AAAAAAAAEENEAAAA,"Deposits may ruin in a companies. Scientific, usual share","Books                                             ","arts                                              ",3.66,9016.41,1.93
AAAAAAAAEGAEAAAA,"Far injuries pay so various arms. Courses could go anywhere universal possibilities; talks stand since mean, colonial scho","Books                                             ","arts                                              ",9.57,4827.55,1.03
AAAAAAAAEHLEAAAA,"Big, good girls look yesterday. Powerful, extensive schools help instead in order ","Books                                             ","arts                                              ",3.27,4194.60,0.90
AAAAAAAAEPDDAAAA,Services used to work most new provi,"Books                                             ","arts                                              ",2.84,21656.92,4.63
AAAAAAAAEPKAAAAA,Here political studies give once at the qu,"Books                                             ","arts                                              ",1.78,7401.35,1.58
AAAAAAAAFCFBAAAA,"Golden estates meet as yet hands. About solid proteins used to tell. Once causal boots imagine frequently new elections; flexible, other ways find re","Books                                             ","arts                                              ",9.76,1699.41,0.36
AAAAAAAAFCKCAAAA,"Brilliant, acceptable resources might not pick as. Positive, married parties support only strongly impossible needs. Photogra","Books                                             ","arts                                              ",2.44,23139.75,4.95
AAAAAAAAGAGFAAAA,"Political messages give. Ordinary children absorb fully available, rare days","Books                                             ","arts                                              ",8.04,17390.85,3.72
AAAAAAAAGAKAAAAA,"Especially early girls glance however specific, relevant steps. Financial worlds telephone most dark gains. Warm, outdoor devices defend besides. Unions must not say narrow powers; individual ti","Books                                             ","arts                                              ",8.96,2088.81,0.45
AAAAAAAAGGLFAAAA,"Items need otherwise; arms secure slightly. Cool, small sources used to try eagerly letters; clear guns must contact also in the muscles. Figures used to rise already in a changes. Unaccepta","Books                                             ","arts                                              ",0.37,6889.59,1.47
AAAAAAAAGHOBAAAA,Fully existing proceedings could not tak,"Books                                             ","arts                                              ",8.66,10154.41,2.17
AAAAAAAAGKLEAAAA,"Common, contemporary pati","Books                                             ","arts                                              ",3.07,1001.60,0.21
AAAAAAAAGOKBAAAA,Othe,"Books                                             ","arts                                              ",60.94,4241.49,0.91
AAAAAAAAHBAFAAAA,"Patients might accept satisfactory studies. Expected, foreign conditions should touch. Things get then friends. True years could put to a duties. Relations can pay el","Books                                             ","arts                                              ",46.43,18037.47,3.86
AAAAAAAAHPNCAAAA,"Correct, certain humans cut","Books                                             ","arts                                              ",37.98,23337.83,4.99
AAAAAAAAIAOAAAAA,Professional circumstances could live else others. Symptoms can see very leaves. Just personal institutions used to go. Capable workers used to play then able police.,"Books                                             ","arts                                              ",2.40,374.85,0.08
AAAAAAAAIEPCAAAA,"New, popular years should think. Shareholders speak also friends; special members could not identify social eyes; indoors full ","Books                                             ","arts                                              ",0.91,5609.90,1.20
AAAAAAAAIHKBAAAA,Very historic arms may happen even able exis,"Books                                             ","arts                                              ",9.19,3665.59,0.78
AAAAAAAAIIAGAAAA,"Well organisational elections improve national, available courts. Sad results think necessarily from the functions. Tickets might not paint also commercial","Books                                             ","arts                                              ",69.87,801.76,0.17
AAAAAAAAIIPDAAAA,Af,"Books                                             ","arts                                              ",6.04,398.72,0.09
AAAAAAAAIJGAAAAA,Then western animals could teach somewhere. Today waiting servants confuse,"Books                                             ","arts                                              ",4.10,96.90,0.02
AAAAAAAAJJDBAAAA,"Problems compete with a sets. Interesting, automatic pounds tell complete hills. ","Books                                             ","arts                                              ",1.20,1375.14,0.29
AAAAAAAAKACFAAAA,Special birds cannot look bare,"Books                                             ","arts                                              ",4.93,273.63,0.06
AAAAAAAAKAHFAAAA,"Less large actions will not visit very. English, other terms ought to use then strikingly enormous remains. Intensive, po","Books                                             ","arts                                              ",4.03,3541.76,0.76
AAAAAAAAKCFFAAAA,Children canno,"Books                                             ","arts                                              ",1.55,740.45,0.16
AAAAAAAAKGBAAAAA,Light moments cannot date following sy,"Books                                             ","arts                                              ",5.60,245.60,0.05
AAAAAAAAKICDAAAA,"Wet, concerned representatives get up to a owners. Necessary, like","Books                                             ","arts                                              ",1.89,8895.26,1.90
AAAAAAAAKNBCAAAA,"Early, powerful towns add mainly english savings. Years assist then new, public colleagues. Things might encounter then right new features","Books                                             ","arts                                              ",6.89,2378.73,0.51
AAAAAAAAMFFAAAAA,"Communities used to relocate clearly strange, new walls; european, rich championships make current depths. Sure studies may reflect only instinctively old forces. Foreign, diverse","Books                                             ","arts                                              ",8.22,4491.52,0.96
AAAAAAAAMGPFAAAA,"Forces could see often catholic ends. Valid children will see charges; hot, present men say with a players. Priorities affect assets; positive, safe minutes should lend very ","Books                                             ","arts                                              ",12.07,5821.81,1.25
AAAAAAAAMHCFAAAA,"Large, british prices could work daily extended, empty products. Managers used to applaud; comfortable months should tell precious ","Books                                             ","arts                                              ",8.23,11047.99,2.36
AAAAAAAAMLKEAAAA,"Easily able parts keep else very similar floors. Symbolic, proud boats used to go yet appropriate, co","Books                                             ","arts                                              ",9.35,10796.16,2.31
AAAAAAAANEDFAAAA,"Short, good factors look working, flexible governments. Fig","Books                                             ","arts                                              ",4.33,7040.04,1.51
AAAAAAAANHHEAAAA,Banks would not read abroad museums. Here old childr,"Books                                             ","arts                                              ",4.04,2946.16,0.63
AAAAAAAANIBAAAAA,Beneath decent wives write t,"Books                                             ","arts                                              ",2.72,5074.53,1.09
AAAAAAAANPKFAAAA,"Young, initial pounds may prevent large, bad relations. At once absolute industries might escape. Perhaps open roots cannot give so exten","Books                                             ","arts                                              ",2.59,14176.74,3.03
AAAAAAAAOBGFAAAA,"Users will not see very following options. As pregnant provisions could not review lengthy, detailed towns. Badly semantic expenses should not g","Books                                             ","arts                                              ",4.58,2465.91,0.53
AAAAAAAAOEIDAAAA,Electoral occupations assemble exchanges; als,"Books                                             ","arts                                              ",2.20,182.91,0.04
AAAAAAAAOJJCAAAA,"Troops take only, right dogs. Briefly genuine eyes used to provide mutually coming, just parents. Too social services shall feel only rec","Books                                             ","arts                                              ",6.40,1668.26,0.36
AAAAAAAAOJMFAAAA,"Factors could not remove religious stars. Individuals add satisfactorily merely previous years. Usual months want basically uncertain workers. Prices must excite much calls. Completely general women ","Books                                             ","arts                                              ",1.59,136.84,0.03
AAAAAAAAOKPBAAAA,"Just good settings must not make; payments assure to a bishops. Principal, sorry amounts would safeguard very so other leaders; tory, substantial stairs m","Books                                             ","arts                                              ",2.60,462.91,0.10
AAAAAAAAOMCGAAAA,Private years may not see pale signs. Funny guns require radically quite true details; also succ,"Books                                             ","arts                                              ",2.48,1369.80,0.29
AAAAAAAAOOPEAAAA,"Alone crews might rely. Even other relations used to swim gingerly. Successful, big views could hold more b","Books                                             ","arts                                              ",7.71,6887.97,1.47
AAAAAAAAOPKCAAAA,Less imp,"Books                                             ","arts                                              ",9.12,5908.50,1.26
AAAAAAAAPIEBAAAA,"Main cheeks must put ","Books                                             ","arts                                              ",0.45,777.92,0.17
AAAAAAAAPLLDAAAA,Old eyes could not give later issues. Claims might,"Books                                             ","arts                                              ",9.00,19146.78,4.10
AAAAAAAAPOAFAAAA,"Other businesses gain. Possible, pale girls shall climb","Books                                             ","arts                                              ",4.09,4474.56,0.96
AAAAAAAAABMBAAAA,Situations retain; units might sit operations; girls shall make. Ca,"Books                                             ","business                                          ",3.16,5409.67,1.58
AAAAAAAAACEBAAAA,Prese,"Books                                             ","business                                          ",15.17,436.80,0.13
AAAAAAAAADFAAAAA,"Satisfactory, technical shadows get. Lexical structures would not blame. Only hard ","Books                                             ","business                                          ",78.25,4454.03,1.30
AAAAAAAAAKBDAAAA,Essential students change even despite a powers. General connections will not maximi,"Books                                             ","business                                          ",3.10,31556.05,9.23
AAAAAAAAANHCAAAA,"High ministers should not remove for a stations. Certain, linear weeks might not ask so from a improvements. Lakes must not implement f","Books                                             ","business                                          ",4.80,8417.14,2.46
AAAAAAAAAPEGAAAA,"Happy, distinctive profits could call super, multiple minutes. Too tremendous feet hire in public with the calls. Complex boards make aspec","Books                                             ","business                                          ",0.77,2257.20,0.66
AAAAAAAABEKBAAAA,Weapons wo,"Books                                             ","business                                          ",87.45,9761.65,2.86
AAAAAAAABIPBAAAA,"Ultimate, other objects might not install good ","Books                                             ","business                                          ",2.57,16018.61,4.69
AAAAAAAABKACAAAA,"Total pp. accept with a questions; able, generous a","Books                                             ","business                                          ",5.25,724.71,0.21
AAAAAAAABMDDAAAA,"Head facts resolve even. Characteristics put. Toxic, genuine officials shall not meet. Difficult chil","Books                                             ","business                                          ",3.85,15408.00,4.51
AAAAAAAACBEGAAAA,Independent problems would not meet however already responsible countries. Italia,"Books                                             ","business                                          ",8.31,7172.11,2.10
AAAAAAAACDBCAAAA,Tiny years could run too above tough volumes. New germans must not leave as possible sales; inj,"Books                                             ","business                                          ",1.22,3243.68,0.95
AAAAAAAACDIBAAAA,Small results would go colours; sexual agencies ought to assure moreover unique premises; then complex provisions use often normal windows. Better educational girls should not believe however struct,"Books                                             ","business                                          ",9.78,2746.40,0.80
AAAAAAAACEACAAAA,"Other, direct letters ought to make from a ways. British, large men could not work a","Books                                             ","business                                          ",0.48,4957.14,1.45
AAAAAAAACEPBAAAA,"Long, married artists would see negative feelings. Emot","Books                                             ","business                                          ",1.73,4013.30,1.17
AAAAAAAACPODAAAA,"Cells stay economic, thin members. Soon special conservatives solve to the figu","Books                                             ","business                                          ",2.93,1013.43,0.30
AAAAAAAADHNCAAAA,"Originally major industries matter mediterranean bodies. Cases should not ","Books                                             ","business                                          ",45.06,7999.54,2.34
AAAAAAAADNDDAAAA,"Clear, harsh police used to include large, appropriate plans. Prices could produce more. There white weapons expect directly free conclusions. Responsibl","Books                                             ","business                                          ",4.57,1809.28,0.53
AAAAAAAAEILDAAAA,"Bad, able systems shall fall else. Nuclear, economic ways put in an paths. Serious, labour women must not muster however. Wide new readers ought to help ","Books                                             ","business                                          ",1.36,364.56,0.11
AAAAAAAAEKDGAAAA,"Extra, secret opportunities might not laugh fully spiritual, huge inches; ideas bring quite large metres. Very diploma","Books                                             ","business                                          ",3.87,12743.40,3.73
AAAAAAAAFGJCAAAA,"Secondary, red structures may seek eyes. High true titles should make now junior fat thoughts. Partly excellent authorities receive direct, net parties. Parents look most also other issues. Empty, con","Books                                             ","business                                          ",8.59,222.88,0.07
AAAAAAAAFLMDAAAA,"Significantly relevant colleges extract knowingly broad investors. Entire members stay. Mediterranean legs would cut on the knees. Forthcoming, particular students u","Books                                             ","business                                          ",4.81,32.88,0.01
AAAAAAAAFNOCAAAA,Wonderful systems ask also very parliamentary orders; british companies,"Books                                             ","business                                          ",87.12,15388.64,4.50
AAAAAAAAGALFAAAA,"More fine areas understand. In order good aspects smile soft, sure reports. Shared standards go increasingly public methods. Consultants will fall mutually newly odd charts. Able win","Books                                             ","business                                          ",7.49,5199.45,1.52
AAAAAAAAGFDCAAAA,Particularly medieval blocks would not find slightly with a carers. Years respond about at a sec,"Books                                             ","business                                          ",6.00,5535.98,1.62
AAAAAAAAGLMCAAAA,Crossly local relations know surely old excep,"Books                                             ","business                                          ",37.62,4236.74,1.24
AAAAAAAAGONBAAAA,"Ever top offers might struggle far, automatic men. Long-term, long goods dare however; new, other gr","Books                                             ","business                                          ",2.30,6097.84,1.78
AAAAAAAAGONEAAAA,As new persons ought to work about additional costs; children consult majo,"Books                                             ","business                                          ",1.28,7504.26,2.20
